{"cameraMode":{"drawMode":0,"name":"Shaded","section":"Shading Mode"},"sceneLighting":false,"audioPlay":false,"sceneViewState":{"m_AlwaysRefresh":false,"showFog":true,"showSkybox":false,"showFlares":true,"showImageEffects":true,"showParticleSystems":true,"showVisualEffectGraphs":true,"m_FxEnabled":true},"in2DMode":false,"pivot":{"x":12.260980606079102,"y":-5.310771465301514,"z":0.17732620239257813},"rotation":{"x":0.008688698522746563,"y":0.009594826027750969,"z":0.00007613804336870089,"w":-0.9998930096626282},"size":15.074212074279786,"orthographic":false}